Especes_Sedum,Images_Sedum
Sedum_album,3086
Sedum_acre,2126
Sedum_sediforme,1964
Sedum_rupestre,1629
Sedum_palmeri,1591
Sedum_dasyphyllum,776
Sedum_morganianum,630
Sedum_adolphii,624
Sedum_rubrotinctum,440
Sedum_spathulifolium,335
Sedum_sexangulare,324
Sedum_burrito,319
Sedum_pachyphyllum,314
Sedum_forsterianum,232
Sedum_nussbaumerianum,202
Sedum_hispanicum,201
Sedum_anglicum,148
Sedum_clavatum,144
Sedum_kamtschaticum,133
Sedum_sarmentosum,132
Sedum_makinoi,121
Sedum_ochroleucum,118
Sedum_hirsutum,116
Sedum_lineare,114
Sedum_caeruleum,101
Sedum_cepaea,99
Sedum_japonicum,94
Sedum_atratum,82
Sedum_rubens,81
Sedum_brevifolium,79
Sedum_mexicanum,79
Sedum_ternatum,61
Sedum_dendroideum,59
Sedum_praealtum,39
Sedum_hernandezii,34
Sedum_amplexicaule,32
Sedum_alpestre,28
Sedum_montanum,28
Sedum_andegavense,26
Sedum_glaucophyllum,18
Sedum_furfuraceum,13
Sedum_lanceolatum,13
Sedum_allantoides,13
Sedum_litoreum,12
Sedum_albomarginatum,12
Sedum_multiceps,12
Sedum_villosum,12
Sedum_laxum,11
Sedum_oreganum,10
Sedum_obtusatum,7
Sedum_pulchellum,6
Sedum_caespitosum,6
Sedum_decumbens,6
Sedum_cyaneum,6
Sedum_divergens,5
Sedum_annuum,5
Sedum_niveum,4
Sedum_moranense,4
Sedum_compressum,4
