Genre,Images_Genre
Trifolium,18333
Sedum,16920
Anemone,16162
Lamium,15485
Cirsium,15124
Hypericum,14979
Papaver,10766
Tradescantia,9557
Daucus,9039
Alliaria,8574
Pelargonium,7735
Lactuca,7579
Calendula,7437
Centranthus,7015
Lavandula,6828
Fragaria,5684
Alcea,5464
Ophrys,4604
Tagetes,4415
Pyracantha,4155
Lupinus,4019
Melilotus,3543
Punica,3514
Lapsana,3485
Cymbalaria,3405
Cucurbita,3349
Daphne,3094
Anthurium,3016
Aegopodium,2983
Schefflera,2958
Peperomia,2694
Liriodendron,2632
Acacia,2611
Angelica,2589
Humulus,2511
Mercurialis,2506
Trachelospermum,2460
Zamioculcas,2164
Perovskia,2092
Epipactis,2026
Kniphofia,1914
Smilax,1837
Barbarea,1784
Dryopteris,1700
Helminthotheca,1615
Chaerophyllum,1479
Nymphaea,1452
Nephrolepis,1403
Fittonia,1358
Pancratium,1356
Alocasia,1288
Althaea,1226
Nandina,1155
Anthericum,1117
Maianthemum,988
Adenostyles,923
Hebe,917
Lathraea,905
Phalaris,872
Dendrobium,812
Acalypha,795
Carthamus,707
Neotinea,679
Thapsia,641
Cereus,596
Hyoscyamus,595
Lithodora,593
Galega,549
Cenchrus,548
Metasequoia,544
Hippophae,526
Osmunda,483
Adonis,470
Freesia,462
Phedimus,457
Phyllanthus,454
Casuarina,429
Moehringia,417
Erucastrum,416
Dryas,413
Aralia,400
Duchesnea,386
Butomus,380
Gomphocarpus,378
Calycanthus,366
Limbarda,366
Vaccaria,366
Mussaenda,345
Liriope,315
Lithops,306
Aphelandra,302
Telekia,295
Secale,292
Cytinus,275
Morinda,274
Asystasia,269
Crotalaria,268
Couroupita,251
Selenicereus,249
Honckenya,243
Mertensia,240
Erechtites,235
Sagittaria,229
Empetrum,219
Meum,214
Myosoton,212
Loropetalum,201
Gynura,193
Pereskia,191
Lycoris,189
Viscaria,183
Conoclinium,181
Pilosocereus,177
Nothofagus,176
Breynia,165
Hyoseris,161
Falcaria,157
Atocion,156
Oncostema,154
Lagenaria,154
Clethra,151
Holodiscus,150
Narthecium,147
Diascia,141
Noccaea,135
Guizotia,125
Berula,124
Kigelia,123
Trimezia,118
Vanilla,112
Nymphoides,111
Barringtonia,111
Achyranthes,103
Othonna,99
Triadica,95
Zamia,92
Nepenthes,88
Diervilla,88
Prosopis,88
Thesium,85
Cobaea,78
Pongamia,76
Cyanotis,72
Bismarckia,71
Melampodium,69
Hepatica,64
Limnanthes,63
Luffa,60
Gymnosporia,60
Strongylodon,59
Bocoa,56
Leucophyta,52
Garrya,50
Geropogon,49
Oreopteris,48
Fedia,48
Dierama,48
Cryptostegia,47
Petiveria,47
Tetraclinis,47
Calochortus,47
Cyphostemma,46
Dorotheanthus,44
Collomia,44
Oldenlandia,43
Rumohra,42
Dalea,39
Guatteria,35
Rhodothamnus,34
Xylopia,34
Iva,33
Aspilia,33
Eritrichium,33
Guaiacum,33
Lomatia,32
Sagotia,32
Trinia,30
Elephantopus,30
Dalbergia,30
Stenocactus,30
Elodea,29
Cedrela,29
Herbertia,27
Fibigia,27
Conostomium,27
Harpachne,27
Balsamorhiza,27
Leersia,26
Cerbera,26
Neolamarckia,25
Boscia,25
Oxydendrum,25
Illicium,24
Maytenus,24
Paederia,24
Wigandia,23
Diatelia,23
Dischidia,23
Montanoa,23
Stoebe,22
Comptonia,22
Vangueria,21
Sasa,21
Hackelia,21
Egeria,21
Eucryphia,20
Leonitis,20
Schkuhria,20
Antirhea,19
Myosurus,18
Urera,18
Striga,17
Anisocampium,16
Cyrtanthus,15
Browallia,15
Bourreria,15
Vismia,15
Lapageria,14
Aeschynomene,14
Groenlandia,14
Aizoon,14
Hernandia,14
Mecardonia,14
Wodyetia,13
Mazus,13
Brodiaea,13
Eranthemum,13
Maerua,13
Faujasia,13
Patzkea,12
Aristea,11
Mauritia,11
Calodendrum,11
Neobuxbaumia,11
Astydamia,11
Stanleya,11
Geniostoma,11
Bellium,10
Pogonophora,10
Raphia,10
Caraipa,10
Entada,10
Leptinella,10
Erycina,9
Guarea,9
Ansellia,9
Rhodanthe,9
Helicodiceros,9
Haplophyton,9
Falcataria,8
Stemodia,8
Mitella,8
Corispermum,8
Dubouzetia,8
Aextoxicon,7
Fernelia,7
Goniolimon,7
Hunnemannia,7
Chamerion,7
Paederota,7
Macrosyringion,7
Aizoanthemum,6
Tephrocactus,6
Ibicella,6
Angostura,6
Cordyla,6
Dracophyllum,6
Zaleya,6
Vepris,6
Piriqueta,6
Abeliophyllum,6
Danthonia,6
Stenanona,5
Pilocarpus,5
Microchloa,5
Arthraxon,5
Zannichellia,5
Spergularia,5
Aciotis,5
Pterocephalus,5
Alibertia,5
Erianthemum,5
Bonafousia,5
Calylophus,5
Limonia,5
Nyctaginia,5
Dracontium,4
Adlumia,4
Schinopsis,4
Pleurospermum,4
Coussapoa,4
Margaritopsis,4
Keckiella,4
Lyonothamnus,4
Uncinia,4
Declieuxia,4
Maurandya,4
Cryptopus,4
Xylococcus,4
Heteromorpha,4
Atractocarpus,4
Coryphantha,4
Freycinetia,4
