Especes_Ophrys,Images_Ophrys
Ophrys_apifera,1881
Ophrys_scolopax,451
Ophrys_fuciflora,397
Ophrys_aranifera,293
Ophrys_lutea,273
Ophrys_insectifera,251
Ophrys_passionis,152
Ophrys_fusca,143
Ophrys_bertolonii,132
Ophrys_tenthredinifera,132
Ophrys_speculum,129
Ophrys_virescens,81
Ophrys_lupercalis,52
Ophrys_araneola,45
Ophrys_arachnitiformis,37
Ophrys_incubacea,35
Ophrys_occidentalis,24
Ophrys_exaltata,18
Ophrys_bombyliflora,14
Ophrys_saratoi,9
Ophrys_aveyronensis,8
Ophrys_catalaunica,8
Ophrys_aymoninii,7
Ophrys_sulcata,7
Ophrys_provincialis,6
Ophrys_morisii,5
Ophrys_lunulata,5
Ophrys_pseudoscolopax,5
Ophrys_druentica,4
